model,run,kind,n,p50_s,p95_s,p99_s,achieved_per_hour,error_rate,invalid
qwen3b,1,POST /tickets,4,1.885,2.915,2.915,16.0,0.0000,0
qwen3b,1,GET /search,7,0.046,0.123,0.123,28.0,0.0000,0
qwen3b,2,POST /tickets,4,1.908,2.895,2.895,16.0,0.0000,0
qwen3b,2,GET /search,7,0.037,0.067,0.067,28.0,0.0000,0
qwen3b,3,POST /tickets,4,1.858,2.997,2.997,16.0,0.0000,0
qwen3b,3,GET /search,7,0.054,0.059,0.059,28.0,0.0000,0
llama3b,1,POST /tickets,4,1.910,3.224,3.224,16.0,0.0000,0
llama3b,1,GET /search,7,0.048,0.062,0.062,28.0,0.0000,0
llama3b,2,POST /tickets,4,1.838,2.997,2.997,16.0,0.0000,0
llama3b,2,GET /search,7,0.039,0.142,0.142,28.0,0.0000,0
llama3b,3,POST /tickets,4,1.789,3.062,3.062,16.0,0.0000,0
llama3b,3,GET /search,7,0.050,0.112,0.112,28.0,0.0000,0
qwen7b,1,POST /tickets,4,3.672,5.722,5.722,16.0,0.0000,0
qwen7b,1,GET /search,7,0.047,0.057,0.057,28.0,0.0000,0
qwen7b,2,POST /tickets,4,3.318,5.644,5.644,16.0,0.0000,0
qwen7b,2,GET /search,7,0.047,0.112,0.112,28.0,0.0000,0
qwen7b,3,POST /tickets,4,3.385,6.114,6.114,16.0,0.0000,0
qwen7b,3,GET /search,7,0.055,0.103,0.103,28.0,0.0000,0
llama8b,1,POST /tickets,4,4.026,6.024,6.024,16.0,0.0000,0
llama8b,1,GET /search,7,0.055,0.061,0.061,28.0,0.0000,0
llama8b,2,POST /tickets,4,3.885,6.338,6.338,16.0,0.0000,0
llama8b,2,GET /search,7,0.057,0.110,0.110,28.0,0.0000,0
llama8b,3,POST /tickets,4,3.726,6.089,6.089,16.0,0.0000,0
llama8b,3,GET /search,7,0.054,0.306,0.306,28.0,0.0000,0
