model,run,sent,success,invalid,infra_error,unfinished,achieved_per_hour,p50_s,p95_s,p99_s,error_rate,valid
qwen3b,1,229,137,0,0,92,1460.0,91.654,127.663,135.699,0.0000,True
qwen3b,2,229,135,0,0,94,1440.0,66.164,131.486,136.785,0.0000,True
qwen3b,3,229,135,0,0,94,1440.0,77.762,124.289,128.448,0.0000,True
llama3b,1,229,134,0,0,95,1420.0,74.662,137.720,145.111,0.0000,True
llama3b,2,229,134,0,0,95,1420.0,91.596,153.436,157.348,0.0000,True
llama3b,3,229,134,0,0,95,1420.0,87.725,152.364,155.833,0.0000,True
qwen7b,1,229,64,0,0,165,660.0,123.563,250.244,262.232,0.0000,True
qwen7b,2,229,64,0,0,165,660.0,121.962,236.095,250.544,0.0000,True
qwen7b,3,229,64,0,0,165,660.0,130.833,238.733,252.180,0.0000,True
llama8b,1,229,60,0,0,169,620.0,134.974,258.463,271.518,0.0000,True
llama8b,2,229,59,0,0,170,600.0,138.479,247.712,250.651,0.0000,True
llama8b,3,229,58,0,0,171,600.0,119.484,239.284,248.800,0.0000,True
