run,jmeter_201,log_201_total,log_201_before_cut,log_201_after_cut,result
r3_qwen2-5-3b_run1,137,147,137,10,RECONCILED
r3_qwen2-5-3b_run2,135,146,137,9,RECONCILED
r3_qwen2-5-3b_run3,135,146,135,11,RECONCILED
r4_qwen2-5-3b_run1,92,99,92,7,RECONCILED
r4_qwen2-5-3b_run2,90,98,91,7,RECONCILED
r4_qwen2-5-3b_run3,89,97,90,7,RECONCILED
r3_llama3-2-3b_run1,134,144,134,10,RECONCILED
r3_llama3-2-3b_run2,134,146,135,11,RECONCILED
r3_llama3-2-3b_run3,134,144,134,10,RECONCILED
r4_llama3-2-3b_run1,87,94,88,6,RECONCILED
r4_llama3-2-3b_run2,87,94,88,6,RECONCILED
r4_llama3-2-3b_run3,88,95,89,6,RECONCILED
r3_qwen2-5-7b_run1,64,69,64,5,RECONCILED
r3_qwen2-5-7b_run2,64,69,64,5,RECONCILED
r3_qwen2-5-7b_run3,64,70,64,6,RECONCILED
r4_qwen2-5-7b_run1,44,47,44,3,RECONCILED
r4_qwen2-5-7b_run2,43,47,43,4,RECONCILED
r4_qwen2-5-7b_run3,44,47,44,3,RECONCILED
r3_llama3-1-8b_run1,60,65,60,5,RECONCILED
r3_llama3-1-8b_run2,59,65,60,5,RECONCILED
r3_llama3-1-8b_run3,58,64,59,5,RECONCILED
r4_llama3-1-8b_run1,41,44,41,3,RECONCILED
r4_llama3-1-8b_run2,41,44,41,3,RECONCILED
r4_llama3-1-8b_run3,41,44,41,3,RECONCILED
